{
  "version": 1,
  "author": "Kammara Kaveri",
  "editor": "wokwi",
  "parts": [
    { "type": "board-esp32-devkit-c-v4", "id": "esp", "top": 0, "left": 0, "attrs": {} },
    {
      "type": "wokwi-led",
      "id": "led1",
      "top": -61.2,
      "left": -188.2,
      "attrs": { "color": "red" }
    }
  ],
  "connections": [
    [ "esp:TX", "$serialMonitor:RX", "", [] ],
    [ "esp:RX", "$serialMonitor:TX", "", [] ],
    [ "esp:GND.1", "led1:C", "black", [ "h-177.41", "v0", "h0" ] ],
    [ "esp:26", "led1:A", "green", [ "h-167.81", "v-9.6", "h0", "v0" ] ]
  ],
  "dependencies": {}
}